date,year,month,quarter,industry,revenue_million_usd,employment_thousands,consumer_spending_million,unemployment_rate_pct,covid_cases,period
2018-01-01,2018,1,Q1,Airlines,2183.45,1513.0,1394.92,4.91,0,Pre-COVID
2018-02-01,2018,2,Q1,Airlines,2367.65,1552.0,1387.33,4.65,0,Pre-COVID
2018-03-01,2018,3,Q1,Airlines,2388.96,1607.2,1366.08,4.29,0,Pre-COVID
2018-04-01,2018,4,Q2,Airlines,2224.02,1506.4,1272.26,4.96,0,Pre-COVID
2018-05-01,2018,5,Q2,Airlines,2183.46,1424.2,1084.1,5.51,0,Pre-COVID
2018-06-01,2018,6,Q2,Airlines,2055.67,1438.8,1272.16,5.41,0,Pre-COVID
2018-07-01,2018,7,Q3,Airlines,1905.58,1383.1,1310.92,5.78,0,Pre-COVID
2018-08-01,2018,8,Q3,Airlines,2027.53,1486.1,1043.19,5.09,0,Pre-COVID
2018-09-01,2018,9,Q3,Airlines,2088.89,1502.9,1109.07,4.98,0,Pre-COVID
2018-10-01,2018,10,Q4,Airlines,2599.53,1588.9,1514.22,4.41,0,Pre-COVID
2018-11-01,2018,11,Q4,Airlines,2413.69,1667.3,1446.26,3.88,0,Pre-COVID
2018-12-01,2018,12,Q4,Airlines,2332.24,1596.4,1228.5,4.36,0,Pre-COVID
2019-01-01,2019,1,Q1,Airlines,2263.19,1440.9,1177.56,5.39,0,Pre-COVID
2019-02-01,2019,2,Q1,Airlines,2271.72,1577.8,1386.39,4.48,0,Pre-COVID
2019-03-01,2019,3,Q1,Airlines,2226.21,1515.0,1138.24,4.9,0,Pre-COVID
2019-04-01,2019,4,Q2,Airlines,2127.5,1483.5,1411.44,5.11,0,Pre-COVID
2019-05-01,2019,5,Q2,Airlines,2330.35,1466.7,1443.52,5.22,0,Pre-COVID
2019-06-01,2019,6,Q2,Airlines,2208.31,1491.9,1406.03,5.05,0,Pre-COVID
2019-07-01,2019,7,Q3,Airlines,2353.91,1607.0,1293.82,4.29,0,Pre-COVID
2019-08-01,2019,8,Q3,Airlines,2130.49,1523.8,1402.99,4.84,0,Pre-COVID
2019-09-01,2019,9,Q3,Airlines,2221.45,1519.6,1185.41,4.87,0,Pre-COVID
2019-10-01,2019,10,Q4,Airlines,2413.2,1615.2,1644.29,4.23,0,Pre-COVID
2019-11-01,2019,11,Q4,Airlines,2665.21,1684.7,1656.95,3.77,0,Pre-COVID
2019-12-01,2019,12,Q4,Airlines,2553.75,1626.1,1767.92,4.16,0,Pre-COVID
2020-01-01,2020,1,Q1,Airlines,2093.98,1576.8,927.25,4.49,10000,COVID-Onset
2020-02-01,2020,2,Q1,Airlines,1909.83,1459.1,1111.63,5.27,40000,COVID-Onset
2020-03-01,2020,3,Q1,Airlines,1494.89,1256.5,877.23,6.62,90000,COVID-Onset
2020-04-01,2020,4,Q2,Airlines,1209.6,1361.9,688.14,5.92,43648,COVID-Peak
2020-05-01,2020,5,Q2,Airlines,1099.94,1236.8,720.38,6.75,40819,COVID-Peak
2020-06-01,2020,6,Q2,Airlines,1206.93,1260.9,761.33,6.59,49012,COVID-Peak
2020-07-01,2020,7,Q3,Airlines,1125.88,1316.5,628.1,6.22,48024,COVID-Peak
2020-08-01,2020,8,Q3,Airlines,1087.91,1239.4,557.22,6.74,47314,COVID-Peak
2020-09-01,2020,9,Q3,Airlines,1203.86,1299.7,722.68,6.34,44572,COVID-Peak
2020-10-01,2020,10,Q4,Airlines,1327.02,1245.2,762.72,6.7,40000,Recovery
2020-11-01,2020,11,Q4,Airlines,1346.33,1280.4,794.77,6.46,38000,Recovery
2020-12-01,2020,12,Q4,Airlines,1461.93,1442.4,892.47,5.38,36000,Recovery
2021-01-01,2021,1,Q1,Airlines,1285.1,1302.3,623.11,6.32,34000,Recovery
2021-02-01,2021,2,Q1,Airlines,1284.15,1308.8,960.28,6.27,32000,Recovery
2021-03-01,2021,3,Q1,Airlines,1294.37,1323.3,773.93,6.18,30000,Recovery
2021-04-01,2021,4,Q2,Airlines,1442.98,1400.7,930.89,5.66,30000,Post-Vaccine
2021-05-01,2021,5,Q2,Airlines,1707.27,1361.0,1168.06,5.93,28500,Post-Vaccine
2021-06-01,2021,6,Q2,Airlines,1437.89,1371.7,1051.71,5.86,27000,Post-Vaccine
2021-07-01,2021,7,Q3,Airlines,1428.75,1311.9,865.79,6.25,25500,Post-Vaccine
2021-08-01,2021,8,Q3,Airlines,1501.85,1280.0,907.29,6.47,24000,Post-Vaccine
2021-09-01,2021,9,Q3,Airlines,1519.93,1385.6,,5.76,22500,Post-Vaccine
2021-10-01,2021,10,Q4,Airlines,2165.04,1476.3,1257.19,5.16,21000,Post-Vaccine
2021-11-01,2021,11,Q4,Airlines,2068.54,1431.0,1269.35,5.46,19500,Post-Vaccine
2021-12-01,2021,12,Q4,Airlines,2162.84,1434.6,1321.66,5.44,18000,Post-Vaccine
2022-01-01,2022,1,Q1,Airlines,1752.23,1456.3,921.29,5.29,16500,Post-Vaccine
2022-02-01,2022,2,Q1,Airlines,1547.61,1394.6,956.14,5.7,15000,Post-Vaccine
2022-03-01,2022,3,Q1,Airlines,1779.21,1440.9,994.93,5.39,13500,Post-Vaccine
2022-04-01,2022,4,Q2,Airlines,1790.79,1441.0,997.72,5.39,12000,Post-Vaccine
2022-05-01,2022,5,Q2,Airlines,2036.47,1508.6,,4.94,10500,Post-Vaccine
2022-06-01,2022,6,Q2,Airlines,1879.64,1398.8,1216.55,5.67,9000,Post-Vaccine
2022-07-01,2022,7,Q3,Airlines,1868.18,1403.8,1228.9,5.64,7500,Post-Vaccine
2022-08-01,2022,8,Q3,Airlines,1779.78,1464.9,1270.42,5.23,6000,Post-Vaccine
2022-09-01,2022,9,Q3,Airlines,1791.55,1388.9,979.31,5.74,5000,Post-Vaccine
2022-10-01,2022,10,Q4,Airlines,1979.28,1467.4,1228.08,5.22,5000,Post-Vaccine
2022-11-01,2022,11,Q4,Airlines,2180.63,1560.6,1310.08,4.6,5000,Post-Vaccine
2022-12-01,2022,12,Q4,Airlines,2399.28,1558.0,1831.16,4.61,5000,Post-Vaccine
2018-01-01,2018,1,Q1,E-commerce,830.03,1475.9,444.69,5.16,0,Pre-COVID
2018-02-01,2018,2,Q1,E-commerce,827.27,1505.9,531.81,4.96,0,Pre-COVID
2018-03-01,2018,3,Q1,E-commerce,830.94,1515.7,456.35,4.9,0,Pre-COVID
2018-04-01,2018,4,Q2,E-commerce,738.2,1439.0,480.85,5.41,0,Pre-COVID
2018-05-01,2018,5,Q2,E-commerce,826.48,1454.3,504.48,5.3,0,Pre-COVID
2018-06-01,2018,6,Q2,E-commerce,838.96,1480.2,511.11,5.13,0,Pre-COVID
2018-07-01,2018,7,Q3,E-commerce,785.53,1433.8,488.18,5.44,0,Pre-COVID
2018-08-01,2018,8,Q3,E-commerce,813.07,1562.3,539.25,4.58,0,Pre-COVID
2018-09-01,2018,9,Q3,E-commerce,763.23,1430.1,481.52,5.47,0,Pre-COVID
2018-10-01,2018,10,Q4,E-commerce,991.04,1645.2,823.71,4.03,0,Pre-COVID
2018-11-01,2018,11,Q4,E-commerce,999.09,,656.64,3.79,0,Pre-COVID
2018-12-01,2018,12,Q4,E-commerce,1008.53,1614.6,651.05,4.24,0,Pre-COVID
2019-01-01,2019,1,Q1,E-commerce,808.68,1493.6,461.66,5.04,0,Pre-COVID
2019-02-01,2019,2,Q1,E-commerce,856.19,1650.8,417.79,3.99,0,Pre-COVID
2019-03-01,2019,3,Q1,E-commerce,891.25,1476.4,509.51,5.16,0,Pre-COVID
2019-04-01,2019,4,Q2,E-commerce,916.19,1575.8,490.47,4.49,0,Pre-COVID
2019-05-01,2019,5,Q2,E-commerce,826.92,1550.8,459.91,4.66,0,Pre-COVID
2019-06-01,2019,6,Q2,E-commerce,879.27,1551.8,493.19,4.65,0,Pre-COVID
2019-07-01,2019,7,Q3,E-commerce,934.96,1616.0,447.37,4.23,0,Pre-COVID
2019-08-01,2019,8,Q3,E-commerce,841.51,1492.9,547.95,5.05,0,Pre-COVID
2019-09-01,2019,9,Q3,E-commerce,838.15,1518.1,528.29,4.88,0,Pre-COVID
2019-10-01,2019,10,Q4,E-commerce,1069.41,1608.4,620.18,4.28,0,Pre-COVID
2019-11-01,2019,11,Q4,E-commerce,992.1,1587.4,700.35,4.42,0,Pre-COVID
2019-12-01,2019,12,Q4,E-commerce,1050.73,1593.7,688.3,4.38,0,Pre-COVID
2020-01-01,2020,1,Q1,E-commerce,901.86,1615.3,458.9,4.23,10000,COVID-Onset
2020-02-01,2020,2,Q1,E-commerce,1017.55,1699.3,567.33,3.67,40000,COVID-Onset
2020-03-01,2020,3,Q1,E-commerce,1330.51,1870.3,724.31,3.5,90000,COVID-Onset
2020-04-01,2020,4,Q2,E-commerce,1538.49,1799.5,828.53,3.5,43358,COVID-Peak
2020-05-01,2020,5,Q2,E-commerce,1520.6,1888.0,1061.3,3.5,57870,COVID-Peak
2020-06-01,2020,6,Q2,E-commerce,1411.51,1860.2,857.98,3.5,42848,COVID-Peak
2020-07-01,2020,7,Q3,E-commerce,1593.64,1924.2,,3.5,59349,COVID-Peak
2020-08-01,2020,8,Q3,E-commerce,1467.7,1868.2,921.31,3.5,53825,COVID-Peak
2020-09-01,2020,9,Q3,E-commerce,1562.44,1946.5,944.01,3.5,41041,COVID-Peak
2020-10-01,2020,10,Q4,E-commerce,1734.55,2089.8,1109.64,3.5,40000,Recovery
2020-11-01,2020,11,Q4,E-commerce,1907.09,2130.0,1388.33,3.5,38000,Recovery
2020-12-01,2020,12,Q4,E-commerce,1507.2,1934.4,957.52,3.5,36000,Recovery
2021-01-01,2021,1,Q1,E-commerce,1479.25,1893.4,869.08,3.5,34000,Recovery
2021-02-01,2021,2,Q1,E-commerce,1382.81,1834.8,900.18,3.5,32000,Recovery
2021-03-01,2021,3,Q1,E-commerce,1425.09,1856.0,931.97,3.5,30000,Recovery
2021-04-01,2021,4,Q2,E-commerce,1117.84,1739.3,712.93,3.5,30000,Post-Vaccine
2021-05-01,2021,5,Q2,E-commerce,1028.87,1615.0,663.45,4.23,28500,Post-Vaccine
2021-06-01,2021,6,Q2,E-commerce,1106.95,1690.8,671.96,3.73,27000,Post-Vaccine
2021-07-01,2021,7,Q3,E-commerce,1077.0,1643.5,681.55,4.04,25500,Post-Vaccine
2021-08-01,2021,8,Q3,E-commerce,974.21,1598.0,648.75,4.35,24000,Post-Vaccine
2021-09-01,2021,9,Q3,E-commerce,1073.87,1711.8,728.44,3.59,22500,Post-Vaccine
2021-10-01,2021,10,Q4,E-commerce,1161.03,1759.7,675.0,3.5,21000,Post-Vaccine
2021-11-01,2021,11,Q4,E-commerce,1164.68,1721.4,705.58,3.52,19500,Post-Vaccine
2021-12-01,2021,12,Q4,E-commerce,1165.53,1687.5,845.64,3.75,18000,Post-Vaccine
2022-01-01,2022,1,Q1,E-commerce,905.51,1505.2,606.23,4.97,16500,Post-Vaccine
2022-02-01,2022,2,Q1,E-commerce,993.87,1652.4,633.79,3.98,15000,Post-Vaccine
2022-03-01,2022,3,Q1,E-commerce,933.23,1538.4,564.18,4.74,13500,Post-Vaccine
2022-04-01,2022,4,Q2,E-commerce,881.7,1599.8,521.24,4.33,12000,Post-Vaccine
2022-05-01,2022,5,Q2,E-commerce,859.38,1521.0,536.92,4.86,10500,Post-Vaccine
2022-06-01,2022,6,Q2,E-commerce,859.2,1495.9,528.08,5.03,9000,Post-Vaccine
2022-07-01,2022,7,Q3,E-commerce,842.89,1501.5,481.91,4.99,7500,Post-Vaccine
2022-08-01,2022,8,Q3,E-commerce,827.91,1445.0,426.83,5.37,6000,Post-Vaccine
2022-09-01,2022,9,Q3,E-commerce,808.23,1494.5,500.02,5.04,5000,Post-Vaccine
2022-10-01,2022,10,Q4,E-commerce,1038.69,1692.1,613.25,3.72,5000,Post-Vaccine
2022-11-01,2022,11,Q4,E-commerce,936.04,1534.9,560.59,4.77,5000,Post-Vaccine
2022-12-01,2022,12,Q4,E-commerce,904.07,1581.2,497.57,4.46,5000,Post-Vaccine
2018-01-01,2018,1,Q1,Hospitality,1577.9,1602.6,936.44,4.32,0,Pre-COVID
2018-02-01,2018,2,Q1,Hospitality,1568.06,1557.2,903.09,4.62,0,Pre-COVID
2018-03-01,2018,3,Q1,Hospitality,1548.95,1516.9,938.45,4.89,0,Pre-COVID
2018-04-01,2018,4,Q2,Hospitality,1404.81,1469.5,884.86,5.2,0,Pre-COVID
2018-05-01,2018,5,Q2,Hospitality,1752.02,1632.0,1277.56,4.12,0,Pre-COVID
2018-06-01,2018,6,Q2,Hospitality,1419.52,1516.8,867.33,4.89,0,Pre-COVID
2018-07-01,2018,7,Q3,Hospitality,1789.16,1556.0,983.35,4.63,0,Pre-COVID
2018-08-01,2018,8,Q3,Hospitality,1386.47,1356.0,788.15,5.96,0,Pre-COVID
2018-09-01,2018,9,Q3,Hospitality,1441.58,1488.0,894.51,5.08,0,Pre-COVID
2018-10-01,2018,10,Q4,Hospitality,2140.83,1761.1,1210.39,3.5,0,Pre-COVID
2018-11-01,2018,11,Q4,Hospitality,1648.52,1574.1,858.53,4.51,0,Pre-COVID
2018-12-01,2018,12,Q4,Hospitality,2153.18,1776.7,1231.29,3.5,0,Pre-COVID
2019-01-01,2019,1,Q1,Hospitality,1317.61,1506.9,,4.95,0,Pre-COVID
2019-02-01,2019,2,Q1,Hospitality,1795.24,1518.7,1012.58,4.88,0,Pre-COVID
2019-03-01,2019,3,Q1,Hospitality,1605.84,1537.6,920.14,4.75,0,Pre-COVID
2019-04-01,2019,4,Q2,Hospitality,1712.93,1517.6,1013.13,4.88,0,Pre-COVID
2019-05-01,2019,5,Q2,Hospitality,1639.49,1572.2,1053.69,4.52,0,Pre-COVID
2019-06-01,2019,6,Q2,Hospitality,1444.46,1404.8,977.41,5.63,0,Pre-COVID
2019-07-01,2019,7,Q3,Hospitality,1604.87,1497.5,1112.28,5.02,0,Pre-COVID
2019-08-01,2019,8,Q3,Hospitality,1578.42,1585.1,953.45,4.43,0,Pre-COVID
2019-09-01,2019,9,Q3,Hospitality,1990.02,1751.1,1164.29,3.5,0,Pre-COVID
2019-10-01,2019,10,Q4,Hospitality,2091.32,1729.4,1426.53,3.5,0,Pre-COVID
2019-11-01,2019,11,Q4,Hospitality,1729.99,1611.0,1147.86,4.26,0,Pre-COVID
2019-12-01,2019,12,Q4,Hospitality,1585.1,1469.2,757.12,5.21,0,Pre-COVID
2020-01-01,2020,1,Q1,Hospitality,1459.59,1522.4,1007.32,4.85,10000,COVID-Onset
2020-02-01,2020,2,Q1,Hospitality,1319.71,1521.3,682.54,4.86,40000,COVID-Onset
2020-03-01,2020,3,Q1,Hospitality,929.22,1307.0,578.95,6.29,90000,COVID-Onset
2020-04-01,2020,4,Q2,Hospitality,926.96,1205.6,551.22,6.96,40976,COVID-Peak
2020-05-01,2020,5,Q2,Hospitality,808.68,1303.0,503.0,6.31,43070,COVID-Peak
2020-06-01,2020,6,Q2,Hospitality,842.59,1255.2,452.01,6.63,47164,COVID-Peak
2020-07-01,2020,7,Q3,Hospitality,877.96,1340.4,474.85,6.06,47623,COVID-Peak
2020-08-01,2020,8,Q3,Hospitality,928.03,1282.8,512.67,6.45,56559,COVID-Peak
2020-09-01,2020,9,Q3,Hospitality,920.05,1254.9,521.46,6.63,59726,COVID-Peak
2020-10-01,2020,10,Q4,Hospitality,941.39,1412.0,566.82,5.59,40000,Recovery
2020-11-01,2020,11,Q4,Hospitality,1016.61,1349.6,603.12,6.0,38000,Recovery
2020-12-01,2020,12,Q4,Hospitality,1092.02,1394.7,704.85,5.7,36000,Recovery
2021-01-01,2021,1,Q1,Hospitality,938.96,1284.2,547.88,6.44,34000,Recovery
2021-02-01,2021,2,Q1,Hospitality,779.11,1183.9,531.36,7.11,32000,Recovery
2021-03-01,2021,3,Q1,Hospitality,1202.46,1388.4,763.07,5.74,30000,Recovery
2021-04-01,2021,4,Q2,Hospitality,1276.33,1579.4,851.53,4.47,30000,Post-Vaccine
2021-05-01,2021,5,Q2,Hospitality,1232.1,1362.9,620.5,5.91,28500,Post-Vaccine
2021-06-01,2021,6,Q2,Hospitality,1283.92,1390.2,660.79,5.73,27000,Post-Vaccine
2021-07-01,2021,7,Q3,Hospitality,1127.23,1321.7,790.45,6.19,25500,Post-Vaccine
2021-08-01,2021,8,Q3,Hospitality,1322.01,1440.3,910.59,5.4,24000,Post-Vaccine
2021-09-01,2021,9,Q3,Hospitality,1299.07,1390.0,898.16,5.73,22500,Post-Vaccine
2021-10-01,2021,10,Q4,Hospitality,1574.79,1473.1,926.89,5.18,21000,Post-Vaccine
2021-11-01,2021,11,Q4,Hospitality,1374.19,1388.9,900.88,5.74,19500,Post-Vaccine
2021-12-01,2021,12,Q4,Hospitality,1807.69,1532.6,1145.67,4.78,18000,Post-Vaccine
2022-01-01,2022,1,Q1,Hospitality,1243.6,1390.2,701.96,5.73,16500,Post-Vaccine
2022-02-01,2022,2,Q1,Hospitality,1224.59,1410.6,673.7,5.6,15000,Post-Vaccine
2022-03-01,2022,3,Q1,Hospitality,1387.19,1459.9,812.43,5.27,13500,Post-Vaccine
2022-04-01,2022,4,Q2,Hospitality,1237.41,1383.6,798.53,5.78,12000,Post-Vaccine
2022-05-01,2022,5,Q2,Hospitality,1439.86,1431.1,872.5,5.46,10500,Post-Vaccine
2022-06-01,2022,6,Q2,Hospitality,1485.24,1411.6,939.56,5.59,9000,Post-Vaccine
2022-07-01,2022,7,Q3,Hospitality,1234.51,1440.0,684.17,5.4,7500,Post-Vaccine
2022-08-01,2022,8,Q3,Hospitality,1091.48,1282.4,658.03,6.45,6000,Post-Vaccine
2022-09-01,2022,9,Q3,Hospitality,1448.9,1437.8,924.85,5.41,5000,Post-Vaccine
2022-10-01,2022,10,Q4,Hospitality,1364.05,1451.4,719.32,5.32,5000,Post-Vaccine
2022-11-01,2022,11,Q4,Hospitality,1540.25,1515.8,844.64,4.89,5000,Post-Vaccine
2022-12-01,2022,12,Q4,Hospitality,1595.63,1582.2,902.15,4.45,5000,Post-Vaccine
2018-01-01,2018,1,Q1,Healthcare,1860.17,1460.2,1175.23,5.27,0,Pre-COVID
2018-02-01,2018,2,Q1,Healthcare,1913.31,1407.9,1056.5,5.61,0,Pre-COVID
2018-03-01,2018,3,Q1,Healthcare,1859.96,1506.5,1157.4,4.96,0,Pre-COVID
2018-04-01,2018,4,Q2,Healthcare,1782.86,1499.6,1053.06,5.0,0,Pre-COVID
2018-05-01,2018,5,Q2,Healthcare,1921.76,1546.5,1191.98,4.69,0,Pre-COVID
2018-06-01,2018,6,Q2,Healthcare,1814.6,1479.7,1041.67,5.14,0,Pre-COVID
2018-07-01,2018,7,Q3,Healthcare,1789.09,1475.9,1104.56,5.16,0,Pre-COVID
2018-08-01,2018,8,Q3,Healthcare,1916.78,1576.0,1112.57,4.49,0,Pre-COVID
2018-09-01,2018,9,Q3,Healthcare,1961.95,1524.6,937.25,4.84,0,Pre-COVID
2018-10-01,2018,10,Q4,Healthcare,2075.92,1483.1,1201.77,5.11,0,Pre-COVID
2018-11-01,2018,11,Q4,Healthcare,2175.1,1688.0,1347.73,3.75,0,Pre-COVID
2018-12-01,2018,12,Q4,Healthcare,2164.71,1642.8,1011.64,4.05,0,Pre-COVID
2019-01-01,2019,1,Q1,Healthcare,1925.98,1573.5,984.73,4.51,0,Pre-COVID
2019-02-01,2019,2,Q1,Healthcare,2004.7,1573.8,1152.87,4.51,0,Pre-COVID
2019-03-01,2019,3,Q1,Healthcare,1974.75,1662.1,1206.4,3.92,0,Pre-COVID
2019-04-01,2019,4,Q2,Healthcare,1954.21,1519.9,1072.88,4.87,0,Pre-COVID
2019-05-01,2019,5,Q2,Healthcare,2008.57,1515.1,1213.76,4.9,0,Pre-COVID
2019-06-01,2019,6,Q2,Healthcare,1915.69,1556.1,1187.76,4.63,0,Pre-COVID
2019-07-01,2019,7,Q3,Healthcare,1941.25,1513.7,1133.32,4.91,0,Pre-COVID
2019-08-01,2019,8,Q3,Healthcare,1799.14,1477.5,1120.21,5.15,0,Pre-COVID
2019-09-01,2019,9,Q3,Healthcare,2039.95,1520.5,1330.41,4.86,0,Pre-COVID
2019-10-01,2019,10,Q4,Healthcare,2411.38,1690.5,1718.37,3.73,0,Pre-COVID
2019-11-01,2019,11,Q4,Healthcare,2226.58,1556.3,1098.32,4.62,0,Pre-COVID
2019-12-01,2019,12,Q4,Healthcare,2446.17,1712.2,1459.54,3.59,0,Pre-COVID
2020-01-01,2020,1,Q1,Healthcare,1820.16,1449.3,1359.19,5.34,10000,COVID-Onset
2020-02-01,2020,2,Q1,Healthcare,1881.68,1528.2,1210.95,4.81,40000,COVID-Onset
2020-03-01,2020,3,Q1,Healthcare,1981.4,1561.6,1094.87,4.59,90000,COVID-Onset
2020-04-01,2020,4,Q2,Healthcare,2054.02,1664.7,1398.22,3.9,40869,COVID-Peak
2020-05-01,2020,5,Q2,Healthcare,2144.47,1570.1,1159.35,4.53,58390,COVID-Peak
2020-06-01,2020,6,Q2,Healthcare,2005.86,1560.0,1335.2,4.6,46515,COVID-Peak
2020-07-01,2020,7,Q3,Healthcare,1785.54,1572.5,1054.4,4.52,57856,COVID-Peak
2020-08-01,2020,8,Q3,Healthcare,1882.5,1472.3,942.58,5.18,53746,COVID-Peak
2020-09-01,2020,9,Q3,Healthcare,2082.38,1582.1,1088.26,4.45,47223,COVID-Peak
2020-10-01,2020,10,Q4,Healthcare,2198.3,1593.8,1539.12,4.37,40000,Recovery
2020-11-01,2020,11,Q4,Healthcare,2291.87,1561.5,1341.33,4.59,38000,Recovery
2020-12-01,2020,12,Q4,Healthcare,2288.19,1500.8,1365.46,4.99,36000,Recovery
2021-01-01,2021,1,Q1,Healthcare,1990.96,1587.9,1415.45,4.41,34000,Recovery
2021-02-01,2021,2,Q1,Healthcare,2097.82,1569.3,1119.41,4.54,32000,Recovery
2021-03-01,2021,3,Q1,Healthcare,2211.6,1617.3,1328.81,4.22,30000,Recovery
2021-04-01,2021,4,Q2,Healthcare,1981.69,1560.4,1171.85,4.6,30000,Post-Vaccine
2021-05-01,2021,5,Q2,Healthcare,1937.03,1510.7,1158.41,4.93,28500,Post-Vaccine
2021-06-01,2021,6,Q2,Healthcare,1938.37,1502.8,1175.4,4.98,27000,Post-Vaccine
2021-07-01,2021,7,Q3,Healthcare,1862.15,1592.5,821.1,4.38,25500,Post-Vaccine
2021-08-01,2021,8,Q3,Healthcare,1962.41,1607.4,933.32,4.28,24000,Post-Vaccine
2021-09-01,2021,9,Q3,Healthcare,1951.08,1523.4,1005.88,4.84,22500,Post-Vaccine
2021-10-01,2021,10,Q4,Healthcare,2202.95,1556.4,1553.38,4.62,21000,Post-Vaccine
2021-11-01,2021,11,Q4,Healthcare,2357.5,1718.4,1516.58,3.54,19500,Post-Vaccine
2021-12-01,2021,12,Q4,Healthcare,2168.63,1576.2,1364.86,4.49,18000,Post-Vaccine
2022-01-01,2022,1,Q1,Healthcare,1877.39,1557.1,1099.36,4.62,16500,Post-Vaccine
2022-02-01,2022,2,Q1,Healthcare,1943.22,1575.3,1217.73,4.5,15000,Post-Vaccine
2022-03-01,2022,3,Q1,Healthcare,1943.25,1597.8,1039.9,4.35,13500,Post-Vaccine
2022-04-01,2022,4,Q2,Healthcare,2019.19,1590.5,1174.01,4.4,12000,Post-Vaccine
2022-05-01,2022,5,Q2,Healthcare,1995.25,1491.7,1307.77,5.06,10500,Post-Vaccine
2022-06-01,2022,6,Q2,Healthcare,1953.92,1516.6,1295.33,4.89,9000,Post-Vaccine
2022-07-01,2022,7,Q3,Healthcare,1816.37,1434.1,920.18,5.44,7500,Post-Vaccine
2022-08-01,2022,8,Q3,Healthcare,1913.29,1467.4,1349.42,5.22,6000,Post-Vaccine
2022-09-01,2022,9,Q3,Healthcare,1801.58,1585.3,1103.76,4.43,5000,Post-Vaccine
2022-10-01,2022,10,Q4,Healthcare,2250.05,1597.8,1403.91,4.35,5000,Post-Vaccine
2022-11-01,2022,11,Q4,Healthcare,2254.14,1681.3,1367.94,3.79,5000,Post-Vaccine
2022-12-01,2022,12,Q4,Healthcare,2269.87,1612.3,1354.16,4.25,5000,Post-Vaccine
2018-01-01,2018,1,Q1,Retail,1225.86,1425.3,636.35,5.5,0,Pre-COVID
2018-02-01,2018,2,Q1,Retail,1268.75,1537.2,747.24,4.75,0,Pre-COVID
2018-03-01,2018,3,Q1,Retail,1213.56,1523.0,688.84,4.85,0,Pre-COVID
2018-04-01,2018,4,Q2,Retail,1151.64,1489.6,623.38,5.07,0,Pre-COVID
2018-05-01,2018,5,Q2,Retail,1258.98,1439.4,833.13,5.4,0,Pre-COVID
2018-06-01,2018,6,Q2,Retail,1270.69,1542.3,837.34,4.72,0,Pre-COVID
2018-07-01,2018,7,Q3,Retail,1311.09,1597.0,641.84,4.35,0,Pre-COVID
2018-08-01,2018,8,Q3,Retail,1074.22,1416.3,646.21,5.56,0,Pre-COVID
2018-09-01,2018,9,Q3,Retail,1293.22,1502.6,790.43,4.98,0,Pre-COVID
2018-10-01,2018,10,Q4,Retail,1365.85,1538.5,704.23,4.74,0,Pre-COVID
2018-11-01,2018,11,Q4,Retail,1355.36,1497.1,733.85,5.02,0,Pre-COVID
2018-12-01,2018,12,Q4,Retail,1563.28,1603.9,1184.88,4.31,0,Pre-COVID
2019-01-01,2019,1,Q1,Retail,1315.93,1557.5,721.78,4.62,0,Pre-COVID
2019-02-01,2019,2,Q1,Retail,1340.65,1529.8,814.2,4.8,0,Pre-COVID
2019-03-01,2019,3,Q1,Retail,1514.1,1626.1,1012.87,4.16,0,Pre-COVID
2019-04-01,2019,4,Q2,Retail,1226.5,1509.3,866.22,4.94,0,Pre-COVID
2019-05-01,2019,5,Q2,Retail,1239.12,1606.9,796.09,4.29,0,Pre-COVID
2019-06-01,2019,6,Q2,Retail,1250.74,1552.8,823.43,4.65,0,Pre-COVID
2019-07-01,2019,7,Q3,Retail,1296.69,1461.8,721.44,5.25,0,Pre-COVID
2019-08-01,2019,8,Q3,Retail,1226.67,1507.4,781.68,4.95,0,Pre-COVID
2019-09-01,2019,9,Q3,Retail,1336.42,1490.1,832.34,5.07,0,Pre-COVID
2019-10-01,2019,10,Q4,Retail,1590.08,1690.5,1057.16,3.73,0,Pre-COVID
2019-11-01,2019,11,Q4,Retail,1621.22,1698.5,965.91,3.68,0,Pre-COVID
2019-12-01,2019,12,Q4,Retail,1359.8,1588.1,832.82,4.41,0,Pre-COVID
2020-01-01,2020,1,Q1,Retail,1222.81,1445.7,654.37,5.36,10000,COVID-Onset
2020-02-01,2020,2,Q1,Retail,1181.09,1490.1,756.95,5.07,40000,COVID-Onset
2020-03-01,2020,3,Q1,Retail,1001.98,1419.0,657.6,5.54,90000,COVID-Onset
2020-04-01,2020,4,Q2,Retail,867.49,1366.3,496.43,5.89,54719,COVID-Peak
2020-05-01,2020,5,Q2,Retail,872.63,1348.1,535.21,6.01,59309,COVID-Peak
2020-06-01,2020,6,Q2,Retail,869.84,1425.2,475.21,5.5,49115,COVID-Peak
2020-07-01,2020,7,Q3,Retail,843.82,1329.6,579.55,6.14,40212,COVID-Peak
2020-08-01,2020,8,Q3,Retail,866.76,1412.7,442.8,5.58,45231,COVID-Peak
2020-09-01,2020,9,Q3,Retail,916.82,1426.5,554.62,5.49,53848,COVID-Peak
2020-10-01,2020,10,Q4,Retail,1112.19,1437.5,761.36,5.42,40000,Recovery
2020-11-01,2020,11,Q4,Retail,1211.17,1486.5,694.33,5.09,38000,Recovery
2020-12-01,2020,12,Q4,Retail,1158.54,1561.7,658.78,4.59,36000,Recovery
2021-01-01,2021,1,Q1,Retail,894.49,1358.6,464.54,5.94,34000,Recovery
2021-02-01,2021,2,Q1,Retail,869.07,1311.9,481.41,6.25,32000,Recovery
2021-03-01,2021,3,Q1,Retail,933.73,1400.8,647.1,5.66,30000,Recovery
2021-04-01,2021,4,Q2,Retail,937.56,1439.9,550.5,5.4,30000,Post-Vaccine
2021-05-01,2021,5,Q2,Retail,1008.1,1453.8,536.95,5.31,28500,Post-Vaccine
2021-06-01,2021,6,Q2,Retail,1042.38,1442.6,656.22,5.38,27000,Post-Vaccine
2021-07-01,2021,7,Q3,Retail,987.45,1534.2,554.69,4.77,25500,Post-Vaccine
2021-08-01,2021,8,Q3,Retail,935.18,1358.5,529.94,5.94,24000,Post-Vaccine
2021-09-01,2021,9,Q3,Retail,980.22,1467.9,671.68,5.21,22500,Post-Vaccine
2021-10-01,2021,10,Q4,Retail,1136.73,1432.0,714.19,5.45,21000,Post-Vaccine
2021-11-01,2021,11,Q4,Retail,1142.25,1507.6,699.26,4.95,19500,Post-Vaccine
2021-12-01,2021,12,Q4,Retail,1065.81,1521.5,754.33,4.86,18000,Post-Vaccine
2022-01-01,2022,1,Q1,Retail,995.77,1395.5,614.54,5.7,16500,Post-Vaccine
2022-02-01,2022,2,Q1,Retail,1068.44,1478.1,769.93,5.15,15000,Post-Vaccine
2022-03-01,2022,3,Q1,Retail,1034.62,1391.2,535.15,5.73,13500,Post-Vaccine
2022-04-01,2022,4,Q2,Retail,997.42,1413.9,705.84,5.57,12000,Post-Vaccine
2022-05-01,2022,5,Q2,Retail,1016.58,1434.8,608.95,5.43,10500,Post-Vaccine
2022-06-01,2022,6,Q2,Retail,1146.45,1604.0,651.35,4.31,9000,Post-Vaccine
2022-07-01,2022,7,Q3,Retail,974.33,1458.2,624.46,5.28,7500,Post-Vaccine
2022-08-01,2022,8,Q3,Retail,1143.18,1505.5,661.27,4.96,6000,Post-Vaccine
2022-09-01,2022,9,Q3,Retail,1113.41,1519.4,722.86,4.87,5000,Post-Vaccine
2022-10-01,2022,10,Q4,Retail,1277.53,1585.6,856.15,4.43,5000,Post-Vaccine
2022-11-01,2022,11,Q4,Retail,1357.62,1598.1,800.96,4.35,5000,Post-Vaccine
2022-12-01,2022,12,Q4,Retail,1254.76,1583.1,691.35,4.45,5000,Post-Vaccine
2018-01-01,2018,1,Q1,Technology,1425.81,1489.5,857.94,5.07,0,Pre-COVID
2018-02-01,2018,2,Q1,Technology,1496.94,1544.2,902.33,4.71,0,Pre-COVID
2018-03-01,2018,3,Q1,Technology,1317.86,1508.0,841.75,4.95,0,Pre-COVID
2018-04-01,2018,4,Q2,Technology,1574.7,1547.0,965.53,4.69,0,Pre-COVID
2018-05-01,2018,5,Q2,Technology,1445.81,1595.2,859.22,4.37,0,Pre-COVID
2018-06-01,2018,6,Q2,Technology,1455.02,1550.0,889.3,4.67,0,Pre-COVID
2018-07-01,2018,7,Q3,Technology,1339.32,1488.0,889.87,5.08,0,Pre-COVID
2018-08-01,2018,8,Q3,Technology,1305.9,1473.0,728.68,5.18,0,Pre-COVID
2018-09-01,2018,9,Q3,Technology,1543.0,1474.9,874.05,5.17,0,Pre-COVID
2018-10-01,2018,10,Q4,Technology,1714.18,1690.5,1021.75,3.73,0,Pre-COVID
2018-11-01,2018,11,Q4,Technology,1643.57,1681.0,843.35,3.79,0,Pre-COVID
2018-12-01,2018,12,Q4,Technology,1511.81,1561.9,861.55,4.59,0,Pre-COVID
2019-01-01,2019,1,Q1,Technology,1408.22,1538.4,865.53,4.74,0,Pre-COVID
2019-02-01,2019,2,Q1,Technology,1448.95,1453.5,945.22,5.31,0,Pre-COVID
2019-03-01,2019,3,Q1,Technology,1546.7,1547.4,,4.68,0,Pre-COVID
2019-04-01,2019,4,Q2,Technology,1424.48,1432.5,795.55,5.45,0,Pre-COVID
2019-05-01,2019,5,Q2,Technology,1508.55,1550.9,883.3,4.66,0,Pre-COVID
2019-06-01,2019,6,Q2,Technology,1545.74,1489.5,1061.34,5.07,0,Pre-COVID
2019-07-01,2019,7,Q3,Technology,1443.75,1571.5,895.94,4.52,0,Pre-COVID
2019-08-01,2019,8,Q3,Technology,1489.61,1560.5,933.78,4.6,0,Pre-COVID
2019-09-01,2019,9,Q3,Technology,1589.49,1634.1,972.44,4.11,0,Pre-COVID
2019-10-01,2019,10,Q4,Technology,1842.12,1653.4,1264.44,3.98,0,Pre-COVID
2019-11-01,2019,11,Q4,Technology,1726.66,1706.7,1031.84,3.62,0,Pre-COVID
2019-12-01,2019,12,Q4,Technology,1666.73,1601.7,931.93,4.32,0,Pre-COVID
2020-01-01,2020,1,Q1,Technology,1458.85,1488.4,836.25,5.08,10000,COVID-Onset
2020-02-01,2020,2,Q1,Technology,1411.41,1481.5,641.58,5.12,40000,COVID-Onset
2020-03-01,2020,3,Q1,Technology,1581.33,1602.8,1023.35,4.31,90000,COVID-Onset
2020-04-01,2020,4,Q2,Technology,1915.91,1635.9,1144.06,4.09,51149,COVID-Peak
2020-05-01,2020,5,Q2,Technology,1875.66,1612.0,1294.59,4.25,49105,COVID-Peak
2020-06-01,2020,6,Q2,Technology,1958.3,1688.3,1178.14,3.74,45094,COVID-Peak
2020-07-01,2020,7,Q3,Technology,1800.77,1541.0,1053.75,4.73,47055,COVID-Peak
2020-08-01,2020,8,Q3,Technology,1721.43,1564.7,1003.82,4.57,51029,COVID-Peak
2020-09-01,2020,9,Q3,Technology,2044.62,1762.3,1156.7,3.5,43349,COVID-Peak
2020-10-01,2020,10,Q4,Technology,2219.16,1862.5,1454.61,3.5,40000,Recovery
2020-11-01,2020,11,Q4,Technology,2152.85,1736.5,1381.9,3.5,38000,Recovery
2020-12-01,2020,12,Q4,Technology,2177.52,1822.4,1389.5,3.5,36000,Recovery
2021-01-01,2021,1,Q1,Technology,1944.39,1667.7,1320.33,3.88,34000,Recovery
2021-02-01,2021,2,Q1,Technology,1856.08,1766.6,1036.9,3.5,32000,Recovery
2021-03-01,2021,3,Q1,Technology,1987.1,1719.6,1114.6,3.54,30000,Recovery
2021-04-01,2021,4,Q2,Technology,1691.27,1588.0,1057.8,4.41,30000,Post-Vaccine
2021-05-01,2021,5,Q2,Technology,1773.62,1604.8,1061.58,4.3,28500,Post-Vaccine
2021-06-01,2021,6,Q2,Technology,1908.31,1767.9,1194.94,3.5,27000,Post-Vaccine
2021-07-01,2021,7,Q3,Technology,1636.08,1590.3,1041.87,4.4,25500,Post-Vaccine
2021-08-01,2021,8,Q3,Technology,1545.17,1539.0,772.41,4.74,24000,Post-Vaccine
2021-09-01,2021,9,Q3,Technology,1743.52,1655.0,995.57,3.97,22500,Post-Vaccine
2021-10-01,2021,10,Q4,Technology,2114.61,1693.9,1082.97,3.71,21000,Post-Vaccine
2021-11-01,2021,11,Q4,Technology,1976.8,1758.4,1385.81,3.5,19500,Post-Vaccine
2021-12-01,2021,12,Q4,Technology,1904.66,1734.2,1138.4,3.5,18000,Post-Vaccine
2022-01-01,2022,1,Q1,Technology,1675.77,1642.7,1071.05,4.05,16500,Post-Vaccine
2022-02-01,2022,2,Q1,Technology,1552.74,1628.4,1060.22,4.14,15000,Post-Vaccine
2022-03-01,2022,3,Q1,Technology,1628.27,1601.3,1025.22,4.32,13500,Post-Vaccine
2022-04-01,2022,4,Q2,Technology,1697.93,1578.9,950.33,4.47,12000,Post-Vaccine
2022-05-01,2022,5,Q2,Technology,1669.18,1654.8,1055.95,3.97,10500,Post-Vaccine
2022-06-01,2022,6,Q2,Technology,1635.68,1622.8,701.85,4.18,9000,Post-Vaccine
2022-07-01,2022,7,Q3,Technology,1669.39,1509.2,965.33,4.94,7500,Post-Vaccine
2022-08-01,2022,8,Q3,Technology,1486.06,1466.0,995.14,5.23,6000,Post-Vaccine
2022-09-01,2022,9,Q3,Technology,1613.64,1593.6,963.64,4.38,5000,Post-Vaccine
2022-10-01,2022,10,Q4,Technology,1939.84,1696.6,1014.58,3.69,5000,Post-Vaccine
2022-11-01,2022,11,Q4,Technology,1983.28,1683.6,1004.74,3.78,5000,Post-Vaccine
2022-12-01,2022,12,Q4,Technology,1843.38,1733.4,1200.06,3.5,5000,Post-Vaccine
2018-01-01,2018,1,Q1,Manufacturing,1566.53,1472.1,909.69,5.19,0,Pre-COVID
2018-02-01,2018,2,Q1,Manufacturing,1808.36,1584.2,1131.68,4.44,0,Pre-COVID
2018-03-01,2018,3,Q1,Manufacturing,1715.9,1548.2,,4.68,0,Pre-COVID
2018-04-01,2018,4,Q2,Manufacturing,1604.87,1497.9,959.34,5.01,0,Pre-COVID
2018-05-01,2018,5,Q2,Manufacturing,1703.25,1534.9,1096.82,4.77,0,Pre-COVID
2018-06-01,2018,6,Q2,Manufacturing,1632.06,1513.9,783.56,4.91,0,Pre-COVID
2018-07-01,2018,7,Q3,Manufacturing,1651.68,1533.5,1089.91,4.78,0,Pre-COVID
2018-08-01,2018,8,Q3,Manufacturing,1299.82,1510.6,769.0,4.93,0,Pre-COVID
2018-09-01,2018,9,Q3,Manufacturing,1774.64,1502.6,1130.03,4.98,0,Pre-COVID
2018-10-01,2018,10,Q4,Manufacturing,1801.27,1531.7,1287.62,4.79,0,Pre-COVID
2018-11-01,2018,11,Q4,Manufacturing,1909.9,1607.7,1245.64,4.28,0,Pre-COVID
2018-12-01,2018,12,Q4,Manufacturing,1998.93,1632.2,1243.13,4.12,0,Pre-COVID
2019-01-01,2019,1,Q1,Manufacturing,1940.57,1603.5,1187.76,4.31,0,Pre-COVID
2019-02-01,2019,2,Q1,Manufacturing,1811.42,1621.3,1215.86,4.19,0,Pre-COVID
2019-03-01,2019,3,Q1,Manufacturing,1777.61,1498.4,1240.78,5.01,0,Pre-COVID
2019-04-01,2019,4,Q2,Manufacturing,1601.7,1515.7,888.53,4.9,0,Pre-COVID
2019-05-01,2019,5,Q2,Manufacturing,1721.35,1554.4,1066.0,4.64,0,Pre-COVID
2019-06-01,2019,6,Q2,Manufacturing,1779.95,,1116.4,4.09,0,Pre-COVID
2019-07-01,2019,7,Q3,Manufacturing,1632.53,1558.4,1096.03,4.61,0,Pre-COVID
2019-08-01,2019,8,Q3,Manufacturing,1541.81,1511.7,989.95,4.92,0,Pre-COVID
2019-09-01,2019,9,Q3,Manufacturing,1728.58,1609.0,1021.58,4.27,0,Pre-COVID
2019-10-01,2019,10,Q4,Manufacturing,2048.52,1631.5,1231.03,4.12,0,Pre-COVID
2019-11-01,2019,11,Q4,Manufacturing,1908.06,1524.3,1327.38,4.84,0,Pre-COVID
2019-12-01,2019,12,Q4,Manufacturing,1947.34,1559.0,916.8,4.61,0,Pre-COVID
2020-01-01,2020,1,Q1,Manufacturing,1538.66,1414.7,1074.79,5.57,10000,COVID-Onset
2020-02-01,2020,2,Q1,Manufacturing,1595.13,1464.1,1172.65,5.24,40000,COVID-Onset
2020-03-01,2020,3,Q1,Manufacturing,1490.94,1449.7,670.98,5.34,90000,COVID-Onset
2020-04-01,2020,4,Q2,Manufacturing,1492.34,1396.9,748.08,5.69,43039,COVID-Peak
2020-05-01,2020,5,Q2,Manufacturing,1392.5,1557.1,951.15,4.62,52449,COVID-Peak
2020-06-01,2020,6,Q2,Manufacturing,1356.39,1453.6,883.29,5.31,43169,COVID-Peak
2020-07-01,2020,7,Q3,Manufacturing,1303.16,1421.3,790.04,5.52,51763,COVID-Peak
2020-08-01,2020,8,Q3,Manufacturing,1241.72,1350.3,724.12,6.0,51270,COVID-Peak
2020-09-01,2020,9,Q3,Manufacturing,1178.73,1363.4,637.32,5.91,59782,COVID-Peak
2020-10-01,2020,10,Q4,Manufacturing,1408.89,1449.3,963.01,5.34,40000,Recovery
2020-11-01,2020,11,Q4,Manufacturing,1597.52,1420.7,863.66,5.53,38000,Recovery
2020-12-01,2020,12,Q4,Manufacturing,1605.16,1452.5,941.46,5.32,36000,Recovery
2021-01-01,2021,1,Q1,Manufacturing,1369.58,1379.6,830.41,5.8,34000,Recovery
2021-02-01,2021,2,Q1,Manufacturing,1223.94,1352.4,757.85,5.98,32000,Recovery
2021-03-01,2021,3,Q1,Manufacturing,1207.44,1399.3,723.04,5.67,30000,Recovery
2021-04-01,2021,4,Q2,Manufacturing,1426.9,1457.1,972.93,5.29,30000,Post-Vaccine
2021-05-01,2021,5,Q2,Manufacturing,1393.82,1414.1,846.52,5.57,28500,Post-Vaccine
2021-06-01,2021,6,Q2,Manufacturing,1430.9,1449.6,862.02,5.34,27000,Post-Vaccine
2021-07-01,2021,7,Q3,Manufacturing,1263.09,1361.6,651.56,5.92,25500,Post-Vaccine
2021-08-01,2021,8,Q3,Manufacturing,1459.47,1393.9,815.01,5.71,24000,Post-Vaccine
2021-09-01,2021,9,Q3,Manufacturing,1332.61,1461.2,775.98,5.26,22500,Post-Vaccine
2021-10-01,2021,10,Q4,Manufacturing,1724.28,1505.2,1063.43,4.97,21000,Post-Vaccine
2021-11-01,2021,11,Q4,Manufacturing,1526.3,1584.2,807.02,4.44,19500,Post-Vaccine
2021-12-01,2021,12,Q4,Manufacturing,1639.4,1544.0,1024.35,4.71,18000,Post-Vaccine
2022-01-01,2022,1,Q1,Manufacturing,1386.27,1426.7,835.41,5.49,16500,Post-Vaccine
2022-02-01,2022,2,Q1,Manufacturing,1391.78,1483.1,1019.66,5.11,15000,Post-Vaccine
2022-03-01,2022,3,Q1,Manufacturing,1359.42,1356.3,808.45,5.96,13500,Post-Vaccine
2022-04-01,2022,4,Q2,Manufacturing,1626.82,1468.2,1136.09,5.21,12000,Post-Vaccine
2022-05-01,2022,5,Q2,Manufacturing,1553.11,1457.7,984.89,5.28,10500,Post-Vaccine
2022-06-01,2022,6,Q2,Manufacturing,1551.47,1465.9,911.93,5.23,9000,Post-Vaccine
2022-07-01,2022,7,Q3,Manufacturing,1297.96,1354.9,728.21,5.97,7500,Post-Vaccine
2022-08-01,2022,8,Q3,Manufacturing,1248.16,1391.8,691.23,5.72,6000,Post-Vaccine
2022-09-01,2022,9,Q3,Manufacturing,1440.21,1372.3,892.72,5.85,5000,Post-Vaccine
2022-10-01,2022,10,Q4,Manufacturing,1717.8,1437.1,1069.23,5.42,5000,Post-Vaccine
2022-11-01,2022,11,Q4,Manufacturing,1759.33,1489.3,,5.07,5000,Post-Vaccine
2022-12-01,2022,12,Q4,Manufacturing,1682.54,1490.5,,5.06,5000,Post-Vaccine
2018-01-01,2018,1,Q1,Financial Services,1953.04,1517.8,1234.96,4.88,0,Pre-COVID
2018-02-01,2018,2,Q1,Financial Services,1821.6,1487.8,938.45,5.08,0,Pre-COVID
2018-03-01,2018,3,Q1,Financial Services,1908.33,1457.0,1060.78,5.29,0,Pre-COVID
2018-04-01,2018,4,Q2,Financial Services,2047.69,1593.4,1303.45,4.38,0,Pre-COVID
2018-05-01,2018,5,Q2,Financial Services,1832.15,1466.3,1232.65,5.22,0,Pre-COVID
2018-06-01,2018,6,Q2,Financial Services,1961.3,1632.1,1223.06,4.12,0,Pre-COVID
2018-07-01,2018,7,Q3,Financial Services,1877.0,1478.5,1141.24,5.14,0,Pre-COVID
2018-08-01,2018,8,Q3,Financial Services,1853.93,1523.3,1218.78,4.84,0,Pre-COVID
2018-09-01,2018,9,Q3,Financial Services,1898.34,1433.0,929.86,5.45,0,Pre-COVID
2018-10-01,2018,10,Q4,Financial Services,2341.32,1561.0,1102.36,4.59,0,Pre-COVID
2018-11-01,2018,11,Q4,Financial Services,2338.82,1740.1,1402.44,3.5,0,Pre-COVID
2018-12-01,2018,12,Q4,Financial Services,2401.82,1636.1,1426.84,4.09,0,Pre-COVID
2019-01-01,2019,1,Q1,Financial Services,2106.55,1539.8,1297.73,4.73,0,Pre-COVID
2019-02-01,2019,2,Q1,Financial Services,2056.05,1507.7,1356.01,4.95,0,Pre-COVID
2019-03-01,2019,3,Q1,Financial Services,2015.22,1492.5,1274.0,5.05,0,Pre-COVID
2019-04-01,2019,4,Q2,Financial Services,1950.74,1514.8,1169.38,4.9,0,Pre-COVID
2019-05-01,2019,5,Q2,Financial Services,2163.41,1593.1,1294.8,4.38,0,Pre-COVID
2019-06-01,2019,6,Q2,Financial Services,2145.79,1634.2,1359.29,4.11,0,Pre-COVID
2019-07-01,2019,7,Q3,Financial Services,1968.47,1452.4,1055.28,5.32,0,Pre-COVID
2019-08-01,2019,8,Q3,Financial Services,1946.31,1481.7,1145.95,5.12,0,Pre-COVID
2019-09-01,2019,9,Q3,Financial Services,2095.92,1578.0,1248.69,4.48,0,Pre-COVID
2019-10-01,2019,10,Q4,Financial Services,2473.16,1654.1,1190.76,3.97,0,Pre-COVID
2019-11-01,2019,11,Q4,Financial Services,2311.44,1601.1,1219.1,4.33,0,Pre-COVID
2019-12-01,2019,12,Q4,Financial Services,2509.35,1736.9,1689.11,3.5,0,Pre-COVID
2020-01-01,2020,1,Q1,Financial Services,1879.72,1569.2,1144.6,4.54,10000,COVID-Onset
2020-02-01,2020,2,Q1,Financial Services,1818.16,1447.8,1057.9,5.35,40000,COVID-Onset
2020-03-01,2020,3,Q1,Financial Services,1763.76,1472.7,1075.25,5.18,90000,COVID-Onset
2020-04-01,2020,4,Q2,Financial Services,1748.27,1481.9,1173.85,5.12,48667,COVID-Peak
2020-05-01,2020,5,Q2,Financial Services,1830.99,1407.6,818.02,5.62,41423,COVID-Peak
2020-06-01,2020,6,Q2,Financial Services,1829.66,1413.1,1073.12,5.58,55054,COVID-Peak
2020-07-01,2020,7,Q3,Financial Services,1563.45,1321.3,988.86,6.19,57571,COVID-Peak
2020-08-01,2020,8,Q3,Financial Services,1723.63,1424.8,766.22,5.5,44090,COVID-Peak
2020-09-01,2020,9,Q3,Financial Services,1700.26,1467.0,869.28,5.22,52403,COVID-Peak
2020-10-01,2020,10,Q4,Financial Services,2028.63,1533.1,,4.78,40000,Recovery
2020-11-01,2020,11,Q4,Financial Services,2024.33,1484.1,1359.93,5.11,38000,Recovery
2020-12-01,2020,12,Q4,Financial Services,1998.43,1524.5,1087.15,4.84,36000,Recovery
2021-01-01,2021,1,Q1,Financial Services,1714.61,1407.0,1010.97,5.62,34000,Recovery
2021-02-01,2021,2,Q1,Financial Services,1905.52,1432.9,958.83,5.45,32000,Recovery
2021-03-01,2021,3,Q1,Financial Services,1886.37,1485.9,1056.1,5.09,30000,Recovery
2021-04-01,2021,4,Q2,Financial Services,1867.67,1461.2,1325.23,5.26,30000,Post-Vaccine
2021-05-01,2021,5,Q2,Financial Services,1836.48,1458.9,1339.6,5.27,28500,Post-Vaccine
2021-06-01,2021,6,Q2,Financial Services,1723.36,1490.6,1064.96,5.06,27000,Post-Vaccine
2021-07-01,2021,7,Q3,Financial Services,1799.14,,1082.94,4.66,25500,Post-Vaccine
2021-08-01,2021,8,Q3,Financial Services,1626.39,1451.0,909.7,5.33,24000,Post-Vaccine
2021-09-01,2021,9,Q3,Financial Services,1959.1,1522.4,1132.52,4.85,22500,Post-Vaccine
2021-10-01,2021,10,Q4,Financial Services,2066.87,1476.6,1119.63,5.16,21000,Post-Vaccine
2021-11-01,2021,11,Q4,Financial Services,2171.99,1538.7,1166.76,4.74,19500,Post-Vaccine
2021-12-01,2021,12,Q4,Financial Services,2105.06,1613.2,1353.84,4.25,18000,Post-Vaccine
2022-01-01,2022,1,Q1,Financial Services,1872.39,1454.9,963.7,5.3,16500,Post-Vaccine
2022-02-01,2022,2,Q1,Financial Services,1918.43,1488.7,1122.19,5.08,15000,Post-Vaccine
2022-03-01,2022,3,Q1,Financial Services,1903.96,1528.9,1194.46,4.81,13500,Post-Vaccine
2022-04-01,2022,4,Q2,Financial Services,1979.67,1488.8,1298.01,5.07,12000,Post-Vaccine
2022-05-01,2022,5,Q2,Financial Services,1792.31,1485.1,1239.76,5.1,10500,Post-Vaccine
2022-06-01,2022,6,Q2,Financial Services,1833.53,1509.4,1218.11,4.94,9000,Post-Vaccine
2022-07-01,2022,7,Q3,Financial Services,1668.57,1397.1,896.54,5.69,7500,Post-Vaccine
2022-08-01,2022,8,Q3,Financial Services,1533.27,,818.47,4.96,6000,Post-Vaccine
2022-09-01,2022,9,Q3,Financial Services,1771.05,1452.2,1095.3,5.32,5000,Post-Vaccine
2022-10-01,2022,10,Q4,Financial Services,2144.59,1607.4,1211.72,4.28,5000,Post-Vaccine
2022-11-01,2022,11,Q4,Financial Services,2044.36,1552.1,1196.11,4.65,5000,Post-Vaccine
2022-12-01,2022,12,Q4,Financial Services,2228.41,1611.0,1435.3,4.26,5000,Post-Vaccine
